Haris,Doe269199,879089194,269199@test.com,2147502645,31-12-2044
Haris,Doe269200,879088279,269200@test.com,2147502646,01-01-2045
Haris,Doe269201,879087364,269201@test.com,2147502647,02-01-2045
Haris,Doe269202,879086449,269202@test.com,2147502648,03-01-2045
Haris,Doe269203,879085534,269203@test.com,2147502649,04-01-2045
Haris,Doe269204,879084618,269204@test.com,2147502650,05-01-2045
Haris,Doe269205,879083703,269205@test.com,2147502651,06-01-2045
Haris,Doe269206,879082788,269206@test.com,2147502652,07-01-2045
Haris,Doe269207,879081873,269207@test.com,2147502653,08-01-2045
Haris,Doe269208,879080958,269208@test.com,2147502654,09-01-2045
Haris,Doe269209,879080043,269209@test.com,2147502655,10-01-2045
Haris,Doe269210,879079127,269210@test.com,2147502656,11-01-2045
Haris,Doe269211,879078212,269211@test.com,2147502657,12-01-2045
Haris,Doe269212,879077297,269212@test.com,2147502658,13-01-2045
Haris,Doe269213,879076382,269213@test.com,2147502659,14-01-2045
Haris,Doe269214,879075467,269214@test.com,2147502660,15-01-2045
Haris,Doe269215,879074552,269215@test.com,2147502661,16-01-2045
Haris,Doe269216,879073636,269216@test.com,2147502662,17-01-2045
Haris,Doe269217,879072721,269217@test.com,2147502663,18-01-2045
Haris,Doe269218,879071806,269218@test.com,2147502664,19-01-2045
Haris,Doe269219,879070891,269219@test.com,2147502665,20-01-2045
Haris,Doe269220,879069976,269220@test.com,2147502666,21-01-2045
Haris,Doe269221,879069061,269221@test.com,2147502667,22-01-2045
Haris,Doe269222,879068145,269222@test.com,2147502668,23-01-2045
Haris,Doe269223,879067230,269223@test.com,2147502669,24-01-2045
Haris,Doe269224,879066315,269224@test.com,2147502670,25-01-2045
Haris,Doe269225,879065400,269225@test.com,2147502671,26-01-2045
Haris,Doe269226,879064485,269226@test.com,2147502672,27-01-2045
Haris,Doe269227,879063570,269227@test.com,2147502673,28-01-2045
Haris,Doe269228,879062654,269228@test.com,2147502674,29-01-2045
Haris,Doe269229,879061739,269229@test.com,2147502675,30-01-2045
Haris,Doe269230,879060824,269230@test.com,2147502676,31-01-2045
Haris,Doe269231,879059909,269231@test.com,2147502677,01-02-2045
Haris,Doe269232,879058994,269232@test.com,2147502678,02-02-2045
Haris,Doe269233,879058079,269233@test.com,2147502679,03-02-2045
Haris,Doe269234,879057163,269234@test.com,2147502680,04-02-2045
Haris,Doe269235,879056248,269235@test.com,2147502681,05-02-2045
Haris,Doe269236,879055333,269236@test.com,2147502682,06-02-2045
Haris,Doe269237,879054418,269237@test.com,2147502683,07-02-2045
Haris,Doe269238,879053503,269238@test.com,2147502684,08-02-2045
Haris,Doe269239,879052588,269239@test.com,2147502685,09-02-2045
Haris,Doe269240,879051672,269240@test.com,2147502686,10-02-2045
Haris,Doe269241,879050757,269241@test.com,2147502687,11-02-2045
Haris,Doe269242,879049842,269242@test.com,2147502688,12-02-2045
Haris,Doe269243,879048927,269243@test.com,2147502689,13-02-2045
Haris,Doe269244,879048012,269244@test.com,2147502690,14-02-2045
Haris,Doe269245,879047097,269245@test.com,2147502691,15-02-2045
Haris,Doe269246,879046181,269246@test.com,2147502692,16-02-2045
Haris,Doe269247,879045266,269247@test.com,2147502693,17-02-2045
Haris,Doe269248,879044351,269248@test.com,2147502694,18-02-2045
Haris,Doe269249,879043436,269249@test.com,2147502695,19-02-2045
Haris,Doe269250,879042521,269250@test.com,2147502696,20-02-2045
Haris,Doe269251,879041606,269251@test.com,2147502697,21-02-2045
Haris,Doe269252,879040690,269252@test.com,2147502698,22-02-2045
Haris,Doe269253,879039775,269253@test.com,2147502699,23-02-2045
Haris,Doe269254,879038860,269254@test.com,2147502700,24-02-2045
Haris,Doe269255,879037945,269255@test.com,2147502701,25-02-2045
Haris,Doe269256,879037030,269256@test.com,2147502702,26-02-2045
Haris,Doe269257,879036115,269257@test.com,2147502703,27-02-2045
Haris,Doe269258,879035199,269258@test.com,2147502704,28-02-2045
Haris,Doe269259,879034284,269259@test.com,2147502705,01-03-2045
Haris,Doe269260,879033369,269260@test.com,2147502706,02-03-2045
Haris,Doe269261,879032454,269261@test.com,2147502707,03-03-2045
Haris,Doe269262,879031539,269262@test.com,2147502708,04-03-2045
Haris,Doe269263,879030624,269263@test.com,2147502709,05-03-2045
Haris,Doe269264,879029708,269264@test.com,2147502710,06-03-2045
Haris,Doe269265,879028793,269265@test.com,2147502711,07-03-2045
Haris,Doe269266,879027878,269266@test.com,2147502712,08-03-2045
Haris,Doe269267,879026963,269267@test.com,2147502713,09-03-2045
Haris,Doe269268,879026048,269268@test.com,2147502714,10-03-2045
Haris,Doe269269,879025133,269269@test.com,2147502715,11-03-2045
Haris,Doe269270,879024217,269270@test.com,2147502716,12-03-2045
Haris,Doe269271,879023302,269271@test.com,2147502717,13-03-2045
Haris,Doe269272,879022387,269272@test.com,2147502718,14-03-2045
Haris,Doe269273,879021472,269273@test.com,2147502719,15-03-2045
Haris,Doe269274,879020557,269274@test.com,2147502720,16-03-2045
Haris,Doe269275,879019642,269275@test.com,2147502721,17-03-2045
Haris,Doe269276,879018726,269276@test.com,2147502722,18-03-2045
Haris,Doe269277,879017811,269277@test.com,2147502723,19-03-2045
Haris,Doe269278,879016896,269278@test.com,2147502724,20-03-2045
Haris,Doe269279,879015981,269279@test.com,2147502725,21-03-2045
Haris,Doe269280,879015066,269280@test.com,2147502726,22-03-2045
Haris,Doe269281,879014151,269281@test.com,2147502727,23-03-2045
Haris,Doe269282,879013236,269282@test.com,2147502728,24-03-2045
Haris,Doe269283,879012320,269283@test.com,2147502729,25-03-2045
Haris,Doe269284,879011405,269284@test.com,2147502730,26-03-2045
Haris,Doe269285,879010490,269285@test.com,2147502731,27-03-2045
Haris,Doe269286,879009575,269286@test.com,2147502732,28-03-2045
Haris,Doe269287,879008660,269287@test.com,2147502733,29-03-2045
Haris,Doe269288,879007745,269288@test.com,2147502734,30-03-2045
Haris,Doe269289,879006829,269289@test.com,2147502735,31-03-2045
Haris,Doe269290,879005914,269290@test.com,2147502736,01-04-2045
Haris,Doe269291,879004999,269291@test.com,2147502737,02-04-2045
Haris,Doe269292,879004084,269292@test.com,2147502738,03-04-2045
Haris,Doe269293,879003169,269293@test.com,2147502739,04-04-2045
Haris,Doe269294,879002254,269294@test.com,2147502740,05-04-2045
Haris,Doe269295,879001338,269295@test.com,2147502741,06-04-2045
Haris,Doe269296,879000423,269296@test.com,2147502742,07-04-2045
Haris,Doe269297,878999508,269297@test.com,2147502743,08-04-2045
Haris,Doe269298,878998593,269298@test.com,2147502744,09-04-2045
Haris,Doe269299,878997678,269299@test.com,2147502745,10-04-2045
Haris,Doe269300,878996763,269300@test.com,2147502746,11-04-2045
Haris,Doe269301,878995847,269301@test.com,2147502747,12-04-2045
Haris,Doe269302,878994932,269302@test.com,2147502748,13-04-2045
Haris,Doe269303,878994017,269303@test.com,2147502749,14-04-2045
Haris,Doe269304,878993102,269304@test.com,2147502750,15-04-2045
Haris,Doe269305,878992187,269305@test.com,2147502751,16-04-2045
Haris,Doe269306,878991272,269306@test.com,2147502752,17-04-2045
Haris,Doe269307,878990356,269307@test.com,2147502753,18-04-2045
Haris,Doe269308,878989441,269308@test.com,2147502754,19-04-2045
Haris,Doe269309,878988526,269309@test.com,2147502755,20-04-2045
Haris,Doe269310,878987611,269310@test.com,2147502756,21-04-2045
Haris,Doe269311,878986696,269311@test.com,2147502757,22-04-2045
Haris,Doe269312,878985781,269312@test.com,2147502758,23-04-2045
Haris,Doe269313,878984865,269313@test.com,2147502759,24-04-2045
Haris,Doe269314,878983950,269314@test.com,2147502760,25-04-2045
Haris,Doe269315,878983035,269315@test.com,2147502761,26-04-2045
Haris,Doe269316,878982120,269316@test.com,2147502762,27-04-2045
Haris,Doe269317,878981205,269317@test.com,2147502763,28-04-2045
Haris,Doe269318,878980290,269318@test.com,2147502764,29-04-2045
Haris,Doe269319,878979374,269319@test.com,2147502765,30-04-2045
Haris,Doe269320,878978459,269320@test.com,2147502766,01-05-2045
Haris,Doe269321,878977544,269321@test.com,2147502767,02-05-2045
Haris,Doe269322,878976629,269322@test.com,2147502768,03-05-2045
Haris,Doe269323,878975714,269323@test.com,2147502769,04-05-2045
Haris,Doe269324,878974799,269324@test.com,2147502770,05-05-2045
Haris,Doe269325,878973883,269325@test.com,2147502771,06-05-2045
Haris,Doe269326,878972968,269326@test.com,2147502772,07-05-2045
Haris,Doe269327,878972053,269327@test.com,2147502773,08-05-2045
Haris,Doe269328,878971138,269328@test.com,2147502774,09-05-2045
Haris,Doe269329,878970223,269329@test.com,2147502775,10-05-2045
Haris,Doe269330,878969308,269330@test.com,2147502776,11-05-2045
Haris,Doe269331,878968392,269331@test.com,2147502777,12-05-2045
Haris,Doe269332,878967477,269332@test.com,2147502778,13-05-2045
Haris,Doe269333,878966562,269333@test.com,2147502779,14-05-2045
Haris,Doe269334,878965647,269334@test.com,2147502780,15-05-2045
Haris,Doe269335,878964732,269335@test.com,2147502781,16-05-2045
Haris,Doe269336,878963817,269336@test.com,2147502782,17-05-2045
Haris,Doe269337,878962901,269337@test.com,2147502783,18-05-2045
Haris,Doe269338,878961986,269338@test.com,2147502784,19-05-2045
Haris,Doe269339,878961071,269339@test.com,2147502785,20-05-2045
Haris,Doe269340,878960156,269340@test.com,2147502786,21-05-2045
Haris,Doe269341,878959241,269341@test.com,2147502787,22-05-2045
Haris,Doe269342,878958326,269342@test.com,2147502788,23-05-2045
Haris,Doe269343,878957410,269343@test.com,2147502789,24-05-2045
Haris,Doe269344,878956495,269344@test.com,2147502790,25-05-2045
Haris,Doe269345,878955580,269345@test.com,2147502791,26-05-2045
Haris,Doe269346,878954665,269346@test.com,2147502792,27-05-2045
Haris,Doe269347,878953750,269347@test.com,2147502793,28-05-2045
Haris,Doe269348,878952835,269348@test.com,2147502794,29-05-2045
Haris,Doe269349,878951919,269349@test.com,2147502795,30-05-2045
Haris,Doe269350,878951004,269350@test.com,2147502796,31-05-2045
Haris,Doe269351,878950089,269351@test.com,2147502797,01-06-2045
Haris,Doe269352,878949174,269352@test.com,2147502798,02-06-2045
Haris,Doe269353,878948259,269353@test.com,2147502799,03-06-2045
Haris,Doe269354,878947344,269354@test.com,2147502800,04-06-2045
Haris,Doe269355,878946428,269355@test.com,2147502801,05-06-2045
Haris,Doe269356,878945513,269356@test.com,2147502802,06-06-2045
Haris,Doe269357,878944598,269357@test.com,2147502803,07-06-2045
Haris,Doe269358,878943683,269358@test.com,2147502804,08-06-2045
Haris,Doe269359,878942768,269359@test.com,2147502805,09-06-2045
Haris,Doe269360,878941853,269360@test.com,2147502806,10-06-2045
Haris,Doe269361,878940938,269361@test.com,2147502807,11-06-2045
Haris,Doe269362,878940022,269362@test.com,2147502808,12-06-2045
Haris,Doe269363,878939107,269363@test.com,2147502809,13-06-2045
Haris,Doe269364,878938192,269364@test.com,2147502810,14-06-2045
Haris,Doe269365,878937277,269365@test.com,2147502811,15-06-2045
Haris,Doe269366,878936362,269366@test.com,2147502812,16-06-2045
Haris,Doe269367,878935447,269367@test.com,2147502813,17-06-2045
Haris,Doe269368,878934531,269368@test.com,2147502814,18-06-2045
Haris,Doe269369,878933616,269369@test.com,2147502815,19-06-2045
Haris,Doe269370,878932701,269370@test.com,2147502816,20-06-2045
Haris,Doe269371,878931786,269371@test.com,2147502817,21-06-2045
Haris,Doe269372,878930871,269372@test.com,2147502818,22-06-2045
Haris,Doe269373,878929956,269373@test.com,2147502819,23-06-2045
Haris,Doe269374,878929040,269374@test.com,2147502820,24-06-2045
Haris,Doe269375,878928125,269375@test.com,2147502821,25-06-2045
Haris,Doe269376,878927210,269376@test.com,2147502822,26-06-2045
Haris,Doe269377,878926295,269377@test.com,2147502823,27-06-2045
Haris,Doe269378,878925380,269378@test.com,2147502824,28-06-2045
Haris,Doe269379,878924465,269379@test.com,2147502825,29-06-2045
Haris,Doe269380,878923549,269380@test.com,2147502826,30-06-2045
Haris,Doe269381,878922634,269381@test.com,2147502827,01-07-2045
Haris,Doe269382,878921719,269382@test.com,2147502828,02-07-2045
Haris,Doe269383,878920804,269383@test.com,2147502829,03-07-2045
Haris,Doe269384,878919889,269384@test.com,2147502830,04-07-2045
Haris,Doe269385,878918974,269385@test.com,2147502831,05-07-2045
Haris,Doe269386,878918058,269386@test.com,2147502832,06-07-2045
Haris,Doe269387,878917143,269387@test.com,2147502833,07-07-2045
Haris,Doe269388,878916228,269388@test.com,2147502834,08-07-2045
Haris,Doe269389,878915313,269389@test.com,2147502835,09-07-2045
Haris,Doe269390,878914398,269390@test.com,2147502836,10-07-2045
Haris,Doe269391,878913483,269391@test.com,2147502837,11-07-2045
Haris,Doe269392,878912567,269392@test.com,2147502838,12-07-2045
Haris,Doe269393,878911652,269393@test.com,2147502839,13-07-2045
Haris,Doe269394,878910737,269394@test.com,2147502840,14-07-2045
Haris,Doe269395,878909822,269395@test.com,2147502841,15-07-2045
Haris,Doe269396,878908907,269396@test.com,2147502842,16-07-2045
Haris,Doe269397,878907992,269397@test.com,2147502843,17-07-2045
Haris,Doe269398,878907076,269398@test.com,2147502844,18-07-2045
Haris,Doe269399,878906161,269399@test.com,2147502845,19-07-2045
Haris,Doe269400,878905246,269400@test.com,2147502846,20-07-2045
Haris,Doe269401,878904331,269401@test.com,2147502847,21-07-2045
Haris,Doe269402,878903416,269402@test.com,2147502848,22-07-2045
Haris,Doe269403,878902501,269403@test.com,2147502849,23-07-2045
Haris,Doe269404,878901585,269404@test.com,2147502850,24-07-2045
Haris,Doe269405,878900670,269405@test.com,2147502851,25-07-2045
Haris,Doe269406,878899755,269406@test.com,2147502852,26-07-2045
Haris,Doe269407,878898840,269407@test.com,2147502853,27-07-2045
Haris,Doe269408,878897925,269408@test.com,2147502854,28-07-2045
Haris,Doe269409,878897010,269409@test.com,2147502855,29-07-2045
Haris,Doe269410,878896094,269410@test.com,2147502856,30-07-2045
Haris,Doe269411,878895179,269411@test.com,2147502857,31-07-2045
Haris,Doe269412,878894264,269412@test.com,2147502858,01-08-2045
Haris,Doe269413,878893349,269413@test.com,2147502859,02-08-2045
Haris,Doe269414,878892434,269414@test.com,2147502860,03-08-2045
Haris,Doe269415,878891519,269415@test.com,2147502861,04-08-2045
Haris,Doe269416,878890603,269416@test.com,2147502862,05-08-2045
Haris,Doe269417,878889688,269417@test.com,2147502863,06-08-2045
Haris,Doe269418,878888773,269418@test.com,2147502864,07-08-2045
Haris,Doe269419,878887858,269419@test.com,2147502865,08-08-2045
Haris,Doe269420,878886943,269420@test.com,2147502866,09-08-2045
Haris,Doe269421,878886028,269421@test.com,2147502867,10-08-2045
Haris,Doe269422,878885112,269422@test.com,2147502868,11-08-2045
Haris,Doe269423,878884197,269423@test.com,2147502869,12-08-2045
Haris,Doe269424,878883282,269424@test.com,2147502870,13-08-2045
Haris,Doe269425,878882367,269425@test.com,2147502871,14-08-2045
Haris,Doe269426,878881452,269426@test.com,2147502872,15-08-2045
Haris,Doe269427,878880537,269427@test.com,2147502873,16-08-2045
Haris,Doe269428,878879621,269428@test.com,2147502874,17-08-2045
Haris,Doe269429,878878706,269429@test.com,2147502875,18-08-2045
Haris,Doe269430,878877791,269430@test.com,2147502876,19-08-2045
Haris,Doe269431,878876876,269431@test.com,2147502877,20-08-2045
Haris,Doe269432,878875961,269432@test.com,2147502878,21-08-2045
Haris,Doe269433,878875046,269433@test.com,2147502879,22-08-2045
Haris,Doe269434,878874130,269434@test.com,2147502880,23-08-2045
Haris,Doe269435,878873215,269435@test.com,2147502881,24-08-2045
Haris,Doe269436,878872300,269436@test.com,2147502882,25-08-2045
Haris,Doe269437,878871385,269437@test.com,2147502883,26-08-2045
Haris,Doe269438,878870470,269438@test.com,2147502884,27-08-2045
Haris,Doe269439,878869555,269439@test.com,2147502885,28-08-2045
Haris,Doe269440,878868640,269440@test.com,2147502886,29-08-2045
Haris,Doe269441,878867724,269441@test.com,2147502887,30-08-2045
Haris,Doe269442,878866809,269442@test.com,2147502888,31-08-2045
Haris,Doe269443,878865894,269443@test.com,2147502889,01-09-2045
Haris,Doe269444,878864979,269444@test.com,2147502890,02-09-2045
Haris,Doe269445,878864064,269445@test.com,2147502891,03-09-2045
Haris,Doe269446,878863149,269446@test.com,2147502892,04-09-2045
Haris,Doe269447,878862233,269447@test.com,2147502893,05-09-2045
Haris,Doe269448,878861318,269448@test.com,2147502894,06-09-2045
Haris,Doe269449,878860403,269449@test.com,2147502895,07-09-2045
Haris,Doe269450,878859488,269450@test.com,2147502896,08-09-2045
Haris,Doe269451,878858573,269451@test.com,2147502897,09-09-2045
Haris,Doe269452,878857658,269452@test.com,2147502898,10-09-2045
Haris,Doe269453,878856742,269453@test.com,2147502899,11-09-2045
Haris,Doe269454,878855827,269454@test.com,2147502900,12-09-2045
Haris,Doe269455,878854912,269455@test.com,2147502901,13-09-2045
Haris,Doe269456,878853997,269456@test.com,2147502902,14-09-2045
Haris,Doe269457,878853082,269457@test.com,2147502903,15-09-2045
Haris,Doe269458,878852167,269458@test.com,2147502904,16-09-2045
Haris,Doe269459,878851251,269459@test.com,2147502905,17-09-2045
Haris,Doe269460,878850336,269460@test.com,2147502906,18-09-2045
Haris,Doe269461,878849421,269461@test.com,2147502907,19-09-2045
Haris,Doe269462,878848506,269462@test.com,2147502908,20-09-2045
Haris,Doe269463,878847591,269463@test.com,2147502909,21-09-2045
Haris,Doe269464,878846676,269464@test.com,2147502910,22-09-2045
Haris,Doe269465,878845760,269465@test.com,2147502911,23-09-2045
Haris,Doe269466,878844845,269466@test.com,2147502912,24-09-2045
Haris,Doe269467,878843930,269467@test.com,2147502913,25-09-2045
Haris,Doe269468,878843015,269468@test.com,2147502914,26-09-2045
Haris,Doe269469,878842100,269469@test.com,2147502915,27-09-2045
Haris,Doe269470,878841185,269470@test.com,2147502916,28-09-2045
Haris,Doe269471,878840269,269471@test.com,2147502917,29-09-2045
Haris,Doe269472,878839354,269472@test.com,2147502918,30-09-2045
Haris,Doe269473,878838439,269473@test.com,2147502919,01-10-2045
Haris,Doe269474,878837524,269474@test.com,2147502920,02-10-2045
Haris,Doe269475,878836609,269475@test.com,2147502921,03-10-2045
Haris,Doe269476,878835694,269476@test.com,2147502922,04-10-2045
Haris,Doe269477,878834778,269477@test.com,2147502923,05-10-2045
Haris,Doe269478,878833863,269478@test.com,2147502924,06-10-2045
Haris,Doe269479,878832948,269479@test.com,2147502925,07-10-2045
Haris,Doe269480,878832033,269480@test.com,2147502926,08-10-2045
Haris,Doe269481,878831118,269481@test.com,2147502927,09-10-2045
Haris,Doe269482,878830203,269482@test.com,2147502928,10-10-2045
Haris,Doe269483,878829287,269483@test.com,2147502929,11-10-2045
Haris,Doe269484,878828372,269484@test.com,2147502930,12-10-2045
Haris,Doe269485,878827457,269485@test.com,2147502931,13-10-2045
Haris,Doe269486,878826542,269486@test.com,2147502932,14-10-2045
Haris,Doe269487,878825627,269487@test.com,2147502933,15-10-2045
Haris,Doe269488,878824712,269488@test.com,2147502934,16-10-2045
Haris,Doe269489,878823796,269489@test.com,2147502935,17-10-2045
Haris,Doe269490,878822881,269490@test.com,2147502936,18-10-2045
Haris,Doe269491,878821966,269491@test.com,2147502937,19-10-2045
Haris,Doe269492,878821051,269492@test.com,2147502938,20-10-2045
Haris,Doe269493,878820136,269493@test.com,2147502939,21-10-2045
Haris,Doe269494,878819221,269494@test.com,2147502940,22-10-2045
Haris,Doe269495,878818305,269495@test.com,2147502941,23-10-2045
Haris,Doe269496,878817390,269496@test.com,2147502942,24-10-2045
Haris,Doe269497,878816475,269497@test.com,2147502943,25-10-2045
Haris,Doe269498,878815560,269498@test.com,2147502944,26-10-2045
Haris,Doe269499,878814645,269499@test.com,2147502945,27-10-2045
Haris,Doe269500,878813730,269500@test.com,2147502946,28-10-2045
Haris,Doe269501,878812814,269501@test.com,2147502947,29-10-2045
Haris,Doe269502,878811899,269502@test.com,2147502948,30-10-2045
Haris,Doe269503,878810984,269503@test.com,2147502949,31-10-2045
Haris,Doe269504,878810069,269504@test.com,2147502950,01-11-2045
Haris,Doe269505,878809154,269505@test.com,2147502951,02-11-2045
Haris,Doe269506,878808239,269506@test.com,2147502952,03-11-2045
Haris,Doe269507,878807323,269507@test.com,2147502953,04-11-2045
Haris,Doe269508,878806408,269508@test.com,2147502954,05-11-2045
Haris,Doe269509,878805493,269509@test.com,2147502955,06-11-2045
Haris,Doe269510,878804578,269510@test.com,2147502956,07-11-2045
Haris,Doe269511,878803663,269511@test.com,2147502957,08-11-2045
Haris,Doe269512,878802748,269512@test.com,2147502958,09-11-2045
Haris,Doe269513,878801832,269513@test.com,2147502959,10-11-2045
Haris,Doe269514,878800917,269514@test.com,2147502960,11-11-2045
Haris,Doe269515,878800002,269515@test.com,2147502961,12-11-2045
Haris,Doe269516,878799087,269516@test.com,2147502962,13-11-2045
Haris,Doe269517,878798172,269517@test.com,2147502963,14-11-2045
Haris,Doe269518,878797257,269518@test.com,2147502964,15-11-2045
Haris,Doe269519,878796342,269519@test.com,2147502965,16-11-2045
Haris,Doe269520,878795426,269520@test.com,2147502966,17-11-2045
Haris,Doe269521,878794511,269521@test.com,2147502967,18-11-2045
Haris,Doe269522,878793596,269522@test.com,2147502968,19-11-2045
Haris,Doe269523,878792681,269523@test.com,2147502969,20-11-2045
Haris,Doe269524,878791766,269524@test.com,2147502970,21-11-2045
Haris,Doe269525,878790851,269525@test.com,2147502971,22-11-2045
Haris,Doe269526,878789935,269526@test.com,2147502972,23-11-2045
Haris,Doe269527,878789020,269527@test.com,2147502973,24-11-2045
Haris,Doe269528,878788105,269528@test.com,2147502974,25-11-2045
Haris,Doe269529,878787190,269529@test.com,2147502975,26-11-2045
Haris,Doe269530,878786275,269530@test.com,2147502976,27-11-2045
Haris,Doe269531,878785360,269531@test.com,2147502977,28-11-2045
Haris,Doe269532,878784444,269532@test.com,2147502978,29-11-2045
Haris,Doe269533,878783529,269533@test.com,2147502979,30-11-2045
Haris,Doe269534,878782614,269534@test.com,2147502980,01-12-2045
Haris,Doe269535,878781699,269535@test.com,2147502981,02-12-2045
Haris,Doe269536,878780784,269536@test.com,2147502982,03-12-2045
Haris,Doe269537,878779869,269537@test.com,2147502983,04-12-2045
Haris,Doe269538,878778953,269538@test.com,2147502984,05-12-2045
Haris,Doe269539,878778038,269539@test.com,2147502985,06-12-2045
Haris,Doe269540,878777123,269540@test.com,2147502986,07-12-2045
Haris,Doe269541,878776208,269541@test.com,2147502987,08-12-2045
Haris,Doe269542,878775293,269542@test.com,2147502988,09-12-2045
Haris,Doe269543,878774378,269543@test.com,2147502989,10-12-2045
Haris,Doe269544,878773462,269544@test.com,2147502990,11-12-2045
Haris,Doe269545,878772547,269545@test.com,2147502991,12-12-2045
Haris,Doe269546,878771632,269546@test.com,2147502992,13-12-2045
Haris,Doe269547,878770717,269547@test.com,2147502993,14-12-2045
Haris,Doe269548,878769802,269548@test.com,2147502994,15-12-2045
Haris,Doe269549,878768887,269549@test.com,2147502995,16-12-2045
Haris,Doe269550,878767971,269550@test.com,2147502996,17-12-2045
Haris,Doe269551,878767056,269551@test.com,2147502997,18-12-2045
Haris,Doe269552,878766141,269552@test.com,2147502998,19-12-2045
Haris,Doe269553,878765226,269553@test.com,2147502999,20-12-2045
Haris,Doe269554,878764311,269554@test.com,2147503000,21-12-2045
Haris,Doe269555,878763396,269555@test.com,2147503001,22-12-2045
Haris,Doe269556,878762480,269556@test.com,2147503002,23-12-2045
Haris,Doe269557,878761565,269557@test.com,2147503003,24-12-2045
Haris,Doe269558,878760650,269558@test.com,2147503004,25-12-2045
Haris,Doe269559,878759735,269559@test.com,2147503005,26-12-2045
Haris,Doe269560,878758820,269560@test.com,2147503006,27-12-2045
Haris,Doe269561,878757905,269561@test.com,2147503007,28-12-2045
Haris,Doe269562,878756989,269562@test.com,2147503008,29-12-2045
Haris,Doe269563,878756074,269563@test.com,2147503009,30-12-2045
Haris,Doe269564,878755159,269564@test.com,2147503010,31-12-2045
Haris,Doe269565,878754244,269565@test.com,2147503011,01-01-2046
Haris,Doe269566,878753329,269566@test.com,2147503012,02-01-2046
Haris,Doe269567,878752414,269567@test.com,2147503013,03-01-2046
Haris,Doe269568,878751498,269568@test.com,2147503014,04-01-2046
Haris,Doe269569,878750583,269569@test.com,2147503015,05-01-2046
Haris,Doe269570,878749668,269570@test.com,2147503016,06-01-2046
Haris,Doe269571,878748753,269571@test.com,2147503017,07-01-2046
Haris,Doe269572,878747838,269572@test.com,2147503018,08-01-2046
Haris,Doe269573,878746923,269573@test.com,2147503019,09-01-2046
Haris,Doe269574,878746007,269574@test.com,2147503020,10-01-2046
Haris,Doe269575,878745092,269575@test.com,2147503021,11-01-2046
Haris,Doe269576,878744177,269576@test.com,2147503022,12-01-2046
Haris,Doe269577,878743262,269577@test.com,2147503023,13-01-2046
Haris,Doe269578,878742347,269578@test.com,2147503024,14-01-2046
Haris,Doe269579,878741432,269579@test.com,2147503025,15-01-2046
Haris,Doe269580,878740516,269580@test.com,2147503026,16-01-2046
Haris,Doe269581,878739601,269581@test.com,2147503027,17-01-2046
Haris,Doe269582,878738686,269582@test.com,2147503028,18-01-2046
Haris,Doe269583,878737771,269583@test.com,2147503029,19-01-2046
Haris,Doe269584,878736856,269584@test.com,2147503030,20-01-2046
Haris,Doe269585,878735941,269585@test.com,2147503031,21-01-2046
Haris,Doe269586,878735025,269586@test.com,2147503032,22-01-2046
Haris,Doe269587,878734110,269587@test.com,2147503033,23-01-2046
Haris,Doe269588,878733195,269588@test.com,2147503034,24-01-2046
Haris,Doe269589,878732280,269589@test.com,2147503035,25-01-2046
Haris,Doe269590,878731365,269590@test.com,2147503036,26-01-2046
Haris,Doe269591,878730450,269591@test.com,2147503037,27-01-2046
Haris,Doe269592,878729534,269592@test.com,2147503038,28-01-2046
Haris,Doe269593,878728619,269593@test.com,2147503039,29-01-2046
Haris,Doe269594,878727704,269594@test.com,2147503040,30-01-2046
Haris,Doe269595,878726789,269595@test.com,2147503041,31-01-2046
Haris,Doe269596,878725874,269596@test.com,2147503042,01-02-2046
Haris,Doe269597,878724959,269597@test.com,2147503043,02-02-2046
Haris,Doe269598,878724044,269598@test.com,2147503044,03-02-2046
Haris,Doe269599,878723128,269599@test.com,2147503045,04-02-2046
Haris,Doe269600,878722213,269600@test.com,2147503046,05-02-2046
Haris,Doe269601,878721298,269601@test.com,2147503047,06-02-2046
Haris,Doe269602,878720383,269602@test.com,2147503048,07-02-2046
Haris,Doe269603,878719468,269603@test.com,2147503049,08-02-2046
Haris,Doe269604,878718553,269604@test.com,2147503050,09-02-2046
Haris,Doe269605,878717637,269605@test.com,2147503051,10-02-2046
Haris,Doe269606,878716722,269606@test.com,2147503052,11-02-2046
Haris,Doe269607,878715807,269607@test.com,2147503053,12-02-2046
Haris,Doe269608,878714892,269608@test.com,2147503054,13-02-2046
Haris,Doe269609,878713977,269609@test.com,2147503055,14-02-2046
Haris,Doe269610,878713062,269610@test.com,2147503056,15-02-2046
Haris,Doe269611,878712146,269611@test.com,2147503057,16-02-2046
Haris,Doe269612,878711231,269612@test.com,2147503058,17-02-2046
Haris,Doe269613,878710316,269613@test.com,2147503059,18-02-2046
Haris,Doe269614,878709401,269614@test.com,2147503060,19-02-2046
Haris,Doe269615,878708486,269615@test.com,2147503061,20-02-2046
Haris,Doe269616,878707571,269616@test.com,2147503062,21-02-2046
Haris,Doe269617,878706655,269617@test.com,2147503063,22-02-2046
Haris,Doe269618,878705740,269618@test.com,2147503064,23-02-2046
Haris,Doe269619,878704825,269619@test.com,2147503065,24-02-2046
Haris,Doe269620,878703910,269620@test.com,2147503066,25-02-2046
Haris,Doe269621,878702995,269621@test.com,2147503067,26-02-2046
Haris,Doe269622,878702080,269622@test.com,2147503068,27-02-2046
Haris,Doe269623,878701164,269623@test.com,2147503069,28-02-2046
Haris,Doe269624,878700249,269624@test.com,2147503070,01-03-2046
Haris,Doe269625,878699334,269625@test.com,2147503071,02-03-2046
Haris,Doe269626,878698419,269626@test.com,2147503072,03-03-2046
Haris,Doe269627,878697504,269627@test.com,2147503073,04-03-2046
Haris,Doe269628,878696589,269628@test.com,2147503074,05-03-2046
Haris,Doe269629,878695673,269629@test.com,2147503075,06-03-2046
Haris,Doe269630,878694758,269630@test.com,2147503076,07-03-2046
Haris,Doe269631,878693843,269631@test.com,2147503077,08-03-2046
Haris,Doe269632,878692928,269632@test.com,2147503078,09-03-2046
Haris,Doe269633,878692013,269633@test.com,2147503079,10-03-2046
Haris,Doe269634,878691098,269634@test.com,2147503080,11-03-2046
Haris,Doe269635,878690182,269635@test.com,2147503081,12-03-2046
Haris,Doe269636,878689267,269636@test.com,2147503082,13-03-2046
Haris,Doe269637,878688352,269637@test.com,2147503083,14-03-2046
Haris,Doe269638,878687437,269638@test.com,2147503084,15-03-2046
Haris,Doe269639,878686522,269639@test.com,2147503085,16-03-2046
Haris,Doe269640,878685607,269640@test.com,2147503086,17-03-2046
Haris,Doe269641,878684691,269641@test.com,2147503087,18-03-2046
Haris,Doe269642,878683776,269642@test.com,2147503088,19-03-2046
Haris,Doe269643,878682861,269643@test.com,2147503089,20-03-2046
Haris,Doe269644,878681946,269644@test.com,2147503090,21-03-2046
Haris,Doe269645,878681031,269645@test.com,2147503091,22-03-2046
Haris,Doe269646,878680116,269646@test.com,2147503092,23-03-2046
Haris,Doe269647,878679200,269647@test.com,2147503093,24-03-2046
Haris,Doe269648,878678285,269648@test.com,2147503094,25-03-2046
Haris,Doe269649,878677370,269649@test.com,2147503095,26-03-2046
Haris,Doe269650,878676455,269650@test.com,2147503096,27-03-2046
Haris,Doe269651,878675540,269651@test.com,2147503097,28-03-2046
Haris,Doe269652,878674625,269652@test.com,2147503098,29-03-2046
Haris,Doe269653,878673709,269653@test.com,2147503099,30-03-2046
Haris,Doe269654,878672794,269654@test.com,2147503100,31-03-2046
Haris,Doe269655,878671879,269655@test.com,2147503101,01-04-2046
Haris,Doe269656,878670964,269656@test.com,2147503102,02-04-2046
Haris,Doe269657,878670049,269657@test.com,2147503103,03-04-2046
Haris,Doe269658,878669134,269658@test.com,2147503104,04-04-2046
Haris,Doe269659,878668218,269659@test.com,2147503105,05-04-2046
Haris,Doe269660,878667303,269660@test.com,2147503106,06-04-2046
Haris,Doe269661,878666388,269661@test.com,2147503107,07-04-2046
Haris,Doe269662,878665473,269662@test.com,2147503108,08-04-2046
Haris,Doe269663,878664558,269663@test.com,2147503109,09-04-2046
Haris,Doe269664,878663643,269664@test.com,2147503110,10-04-2046
Haris,Doe269665,878662727,269665@test.com,2147503111,11-04-2046
Haris,Doe269666,878661812,269666@test.com,2147503112,12-04-2046
Haris,Doe269667,878660897,269667@test.com,2147503113,13-04-2046
Haris,Doe269668,878659982,269668@test.com,2147503114,14-04-2046
Haris,Doe269669,878659067,269669@test.com,2147503115,15-04-2046
Haris,Doe269670,878658152,269670@test.com,2147503116,16-04-2046
Haris,Doe269671,878657236,269671@test.com,2147503117,17-04-2046
Haris,Doe269672,878656321,269672@test.com,2147503118,18-04-2046
Haris,Doe269673,878655406,269673@test.com,2147503119,19-04-2046
Haris,Doe269674,878654491,269674@test.com,2147503120,20-04-2046
Haris,Doe269675,878653576,269675@test.com,2147503121,21-04-2046
Haris,Doe269676,878652661,269676@test.com,2147503122,22-04-2046
Haris,Doe269677,878651746,269677@test.com,2147503123,23-04-2046
Haris,Doe269678,878650830,269678@test.com,2147503124,24-04-2046
Haris,Doe269679,878649915,269679@test.com,2147503125,25-04-2046
Haris,Doe269680,878649000,269680@test.com,2147503126,26-04-2046
Haris,Doe269681,878648085,269681@test.com,2147503127,27-04-2046
Haris,Doe269682,878647170,269682@test.com,2147503128,28-04-2046
Haris,Doe269683,878646255,269683@test.com,2147503129,29-04-2046
Haris,Doe269684,878645339,269684@test.com,2147503130,30-04-2046
Haris,Doe269685,878644424,269685@test.com,2147503131,01-05-2046
Haris,Doe269686,878643509,269686@test.com,2147503132,02-05-2046
Haris,Doe269687,878642594,269687@test.com,2147503133,03-05-2046
Haris,Doe269688,878641679,269688@test.com,2147503134,04-05-2046
Haris,Doe269689,878640764,269689@test.com,2147503135,05-05-2046
Haris,Doe269690,878639848,269690@test.com,2147503136,06-05-2046
Haris,Doe269691,878638933,269691@test.com,2147503137,07-05-2046
Haris,Doe269692,878638018,269692@test.com,2147503138,08-05-2046
Haris,Doe269693,878637103,269693@test.com,2147503139,09-05-2046
Haris,Doe269694,878636188,269694@test.com,2147503140,10-05-2046
Haris,Doe269695,878635273,269695@test.com,2147503141,11-05-2046
Haris,Doe269696,878634357,269696@test.com,2147503142,12-05-2046
Haris,Doe269697,878633442,269697@test.com,2147503143,13-05-2046
Haris,Doe269698,878632527,269698@test.com,2147503144,14-05-2046
Haris,Doe269699,878631612,269699@test.com,2147503145,15-05-2046
Haris,Doe269700,878630697,269700@test.com,2147503146,16-05-2046
Haris,Doe269701,878629782,269701@test.com,2147503147,17-05-2046
Haris,Doe269702,878628866,269702@test.com,2147503148,18-05-2046
Haris,Doe269703,878627951,269703@test.com,2147503149,19-05-2046
Haris,Doe269704,878627036,269704@test.com,2147503150,20-05-2046
Haris,Doe269705,878626121,269705@test.com,2147503151,21-05-2046
Haris,Doe269706,878625206,269706@test.com,2147503152,22-05-2046
Haris,Doe269707,878624291,269707@test.com,2147503153,23-05-2046
Haris,Doe269708,878623375,269708@test.com,2147503154,24-05-2046
Haris,Doe269709,878622460,269709@test.com,2147503155,25-05-2046
Haris,Doe269710,878621545,269710@test.com,2147503156,26-05-2046
Haris,Doe269711,878620630,269711@test.com,2147503157,27-05-2046
Haris,Doe269712,878619715,269712@test.com,2147503158,28-05-2046
Haris,Doe269713,878618800,269713@test.com,2147503159,29-05-2046
Haris,Doe269714,878617884,269714@test.com,2147503160,30-05-2046
Haris,Doe269715,878616969,269715@test.com,2147503161,31-05-2046
Haris,Doe269716,878616054,269716@test.com,2147503162,01-06-2046
Haris,Doe269717,878615139,269717@test.com,2147503163,02-06-2046
Haris,Doe269718,878614224,269718@test.com,2147503164,03-06-2046
Haris,Doe269719,878613309,269719@test.com,2147503165,04-06-2046
Haris,Doe269720,878612393,269720@test.com,2147503166,05-06-2046
Haris,Doe269721,878611478,269721@test.com,2147503167,06-06-2046
Haris,Doe269722,878610563,269722@test.com,2147503168,07-06-2046
Haris,Doe269723,878609648,269723@test.com,2147503169,08-06-2046
Haris,Doe269724,878608733,269724@test.com,2147503170,09-06-2046
Haris,Doe269725,878607818,269725@test.com,2147503171,10-06-2046
Haris,Doe269726,878606902,269726@test.com,2147503172,11-06-2046
Haris,Doe269727,878605987,269727@test.com,2147503173,12-06-2046
Haris,Doe269728,878605072,269728@test.com,2147503174,13-06-2046
Haris,Doe269729,878604157,269729@test.com,2147503175,14-06-2046
Haris,Doe269730,878603242,269730@test.com,2147503176,15-06-2046
Haris,Doe269731,878602327,269731@test.com,2147503177,16-06-2046
Haris,Doe269732,878601411,269732@test.com,2147503178,17-06-2046
Haris,Doe269733,878600496,269733@test.com,2147503179,18-06-2046
Haris,Doe269734,878599581,269734@test.com,2147503180,19-06-2046
Haris,Doe269735,878598666,269735@test.com,2147503181,20-06-2046
Haris,Doe269736,878597751,269736@test.com,2147503182,21-06-2046
Haris,Doe269737,878596836,269737@test.com,2147503183,22-06-2046
Haris,Doe269738,878595920,269738@test.com,2147503184,23-06-2046
Haris,Doe269739,878595005,269739@test.com,2147503185,24-06-2046
Haris,Doe269740,878594090,269740@test.com,2147503186,25-06-2046
Haris,Doe269741,878593175,269741@test.com,2147503187,26-06-2046
Haris,Doe269742,878592260,269742@test.com,2147503188,27-06-2046
Haris,Doe269743,878591345,269743@test.com,2147503189,28-06-2046
Haris,Doe269744,878590429,269744@test.com,2147503190,29-06-2046
Haris,Doe269745,878589514,269745@test.com,2147503191,30-06-2046
Haris,Doe269746,878588599,269746@test.com,2147503192,01-07-2046
Haris,Doe269747,878587684,269747@test.com,2147503193,02-07-2046
Haris,Doe269748,878586769,269748@test.com,2147503194,03-07-2046
Haris,Doe269749,878585854,269749@test.com,2147503195,04-07-2046
Haris,Doe269750,878584938,269750@test.com,2147503196,05-07-2046
Haris,Doe269751,878584023,269751@test.com,2147503197,06-07-2046
Haris,Doe269752,878583108,269752@test.com,2147503198,07-07-2046
Haris,Doe269753,878582193,269753@test.com,2147503199,08-07-2046
Haris,Doe269754,878581278,269754@test.com,2147503200,09-07-2046
Haris,Doe269755,878580363,269755@test.com,2147503201,10-07-2046
Haris,Doe269756,878579448,269756@test.com,2147503202,11-07-2046
Haris,Doe269757,878578532,269757@test.com,2147503203,12-07-2046
Haris,Doe269758,878577617,269758@test.com,2147503204,13-07-2046
Haris,Doe269759,878576702,269759@test.com,2147503205,14-07-2046
Haris,Doe269760,878575787,269760@test.com,2147503206,15-07-2046
Haris,Doe269761,878574872,269761@test.com,2147503207,16-07-2046
Haris,Doe269762,878573957,269762@test.com,2147503208,17-07-2046
Haris,Doe269763,878573041,269763@test.com,2147503209,18-07-2046
Haris,Doe269764,878572126,269764@test.com,2147503210,19-07-2046
Haris,Doe269765,878571211,269765@test.com,2147503211,20-07-2046
Haris,Doe269766,878570296,269766@test.com,2147503212,21-07-2046
Haris,Doe269767,878569381,269767@test.com,2147503213,22-07-2046
Haris,Doe269768,878568466,269768@test.com,2147503214,23-07-2046
Haris,Doe269769,878567550,269769@test.com,2147503215,24-07-2046
Haris,Doe269770,878566635,269770@test.com,2147503216,25-07-2046
Haris,Doe269771,878565720,269771@test.com,2147503217,26-07-2046
Haris,Doe269772,878564805,269772@test.com,2147503218,27-07-2046
Haris,Doe269773,878563890,269773@test.com,2147503219,28-07-2046
Haris,Doe269774,878562975,269774@test.com,2147503220,29-07-2046
Haris,Doe269775,878562059,269775@test.com,2147503221,30-07-2046
Haris,Doe269776,878561144,269776@test.com,2147503222,31-07-2046
Haris,Doe269777,878560229,269777@test.com,2147503223,01-08-2046
Haris,Doe269778,878559314,269778@test.com,2147503224,02-08-2046
Haris,Doe269779,878558399,269779@test.com,2147503225,03-08-2046
Haris,Doe269780,878557484,269780@test.com,2147503226,04-08-2046
Haris,Doe269781,878556568,269781@test.com,2147503227,05-08-2046
Haris,Doe269782,878555653,269782@test.com,2147503228,06-08-2046
Haris,Doe269783,878554738,269783@test.com,2147503229,07-08-2046
Haris,Doe269784,878553823,269784@test.com,2147503230,08-08-2046
Haris,Doe269785,878552908,269785@test.com,2147503231,09-08-2046
Haris,Doe269786,878551993,269786@test.com,2147503232,10-08-2046
Haris,Doe269787,878551077,269787@test.com,2147503233,11-08-2046
Haris,Doe269788,878550162,269788@test.com,2147503234,12-08-2046
Haris,Doe269789,878549247,269789@test.com,2147503235,13-08-2046
Haris,Doe269790,878548332,269790@test.com,2147503236,14-08-2046
Haris,Doe269791,878547417,269791@test.com,2147503237,15-08-2046
Haris,Doe269792,878546502,269792@test.com,2147503238,16-08-2046
Haris,Doe269793,878545586,269793@test.com,2147503239,17-08-2046
Haris,Doe269794,878544671,269794@test.com,2147503240,18-08-2046
Haris,Doe269795,878543756,269795@test.com,2147503241,19-08-2046
Haris,Doe269796,878542841,269796@test.com,2147503242,20-08-2046
Haris,Doe269797,878541926,269797@test.com,2147503243,21-08-2046
Haris,Doe269798,878541011,269798@test.com,2147503244,22-08-2046
Haris,Doe269799,878540095,269799@test.com,2147503245,23-08-2046
Haris,Doe269800,878539180,269800@test.com,2147503246,24-08-2046
Haris,Doe269801,878538265,269801@test.com,2147503247,25-08-2046
Haris,Doe269802,878537350,269802@test.com,2147503248,26-08-2046
Haris,Doe269803,878536435,269803@test.com,2147503249,27-08-2046
Haris,Doe269804,878535520,269804@test.com,2147503250,28-08-2046
Haris,Doe269805,878534604,269805@test.com,2147503251,29-08-2046
Haris,Doe269806,878533689,269806@test.com,2147503252,30-08-2046
Haris,Doe269807,878532774,269807@test.com,2147503253,31-08-2046
Haris,Doe269808,878531859,269808@test.com,2147503254,01-09-2046
Haris,Doe269809,878530944,269809@test.com,2147503255,02-09-2046
Haris,Doe269810,878530029,269810@test.com,2147503256,03-09-2046
Haris,Doe269811,878529113,269811@test.com,2147503257,04-09-2046
Haris,Doe269812,878528198,269812@test.com,2147503258,05-09-2046
Haris,Doe269813,878527283,269813@test.com,2147503259,06-09-2046
Haris,Doe269814,878526368,269814@test.com,2147503260,07-09-2046
Haris,Doe269815,878525453,269815@test.com,2147503261,08-09-2046
Haris,Doe269816,878524538,269816@test.com,2147503262,09-09-2046
Haris,Doe269817,878523622,269817@test.com,2147503263,10-09-2046
Haris,Doe269818,878522707,269818@test.com,2147503264,11-09-2046
Haris,Doe269819,878521792,269819@test.com,2147503265,12-09-2046
Haris,Doe269820,878520877,269820@test.com,2147503266,13-09-2046
Haris,Doe269821,878519962,269821@test.com,2147503267,14-09-2046
Haris,Doe269822,878519047,269822@test.com,2147503268,15-09-2046
Haris,Doe269823,878518131,269823@test.com,2147503269,16-09-2046
Haris,Doe269824,878517216,269824@test.com,2147503270,17-09-2046
Haris,Doe269825,878516301,269825@test.com,2147503271,18-09-2046
Haris,Doe269826,878515386,269826@test.com,2147503272,19-09-2046
Haris,Doe269827,878514471,269827@test.com,2147503273,20-09-2046
Haris,Doe269828,878513556,269828@test.com,2147503274,21-09-2046
Haris,Doe269829,878512640,269829@test.com,2147503275,22-09-2046
Haris,Doe269830,878511725,269830@test.com,2147503276,23-09-2046
Haris,Doe269831,878510810,269831@test.com,2147503277,24-09-2046
Haris,Doe269832,878509895,269832@test.com,2147503278,25-09-2046
Haris,Doe269833,878508980,269833@test.com,2147503279,26-09-2046
Haris,Doe269834,878508065,269834@test.com,2147503280,27-09-2046
Haris,Doe269835,878507149,269835@test.com,2147503281,28-09-2046
Haris,Doe269836,878506234,269836@test.com,2147503282,29-09-2046
Haris,Doe269837,878505319,269837@test.com,2147503283,30-09-2046
Haris,Doe269838,878504404,269838@test.com,2147503284,01-10-2046
Haris,Doe269839,878503489,269839@test.com,2147503285,02-10-2046
Haris,Doe269840,878502574,269840@test.com,2147503286,03-10-2046
Haris,Doe269841,878501659,269841@test.com,2147503287,04-10-2046
Haris,Doe269842,878500743,269842@test.com,2147503288,05-10-2046
Haris,Doe269843,878499828,269843@test.com,2147503289,06-10-2046
Haris,Doe269844,878498913,269844@test.com,2147503290,07-10-2046
Haris,Doe269845,878497998,269845@test.com,2147503291,08-10-2046
Haris,Doe269846,878497083,269846@test.com,2147503292,09-10-2046
Haris,Doe269847,878496168,269847@test.com,2147503293,10-10-2046
Haris,Doe269848,878495252,269848@test.com,2147503294,11-10-2046
Haris,Doe269849,878494337,269849@test.com,2147503295,12-10-2046
Haris,Doe269850,878493422,269850@test.com,2147503296,13-10-2046
Haris,Doe269851,878492507,269851@test.com,2147503297,14-10-2046
Haris,Doe269852,878491592,269852@test.com,2147503298,15-10-2046
Haris,Doe269853,878490677,269853@test.com,2147503299,16-10-2046
Haris,Doe269854,878489761,269854@test.com,2147503300,17-10-2046
Haris,Doe269855,878488846,269855@test.com,2147503301,18-10-2046
Haris,Doe269856,878487931,269856@test.com,2147503302,19-10-2046
Haris,Doe269857,878487016,269857@test.com,2147503303,20-10-2046
Haris,Doe269858,878486101,269858@test.com,2147503304,21-10-2046
Haris,Doe269859,878485186,269859@test.com,2147503305,22-10-2046
Haris,Doe269860,878484270,269860@test.com,2147503306,23-10-2046
Haris,Doe269861,878483355,269861@test.com,2147503307,24-10-2046
Haris,Doe269862,878482440,269862@test.com,2147503308,25-10-2046
Haris,Doe269863,878481525,269863@test.com,2147503309,26-10-2046
Haris,Doe269864,878480610,269864@test.com,2147503310,27-10-2046
Haris,Doe269865,878479695,269865@test.com,2147503311,28-10-2046
Haris,Doe269866,878478779,269866@test.com,2147503312,29-10-2046
Haris,Doe269867,878477864,269867@test.com,2147503313,30-10-2046
Haris,Doe269868,878476949,269868@test.com,2147503314,31-10-2046
Haris,Doe269869,878476034,269869@test.com,2147503315,01-11-2046
Haris,Doe269870,878475119,269870@test.com,2147503316,02-11-2046
Haris,Doe269871,878474204,269871@test.com,2147503317,03-11-2046
Haris,Doe269872,878473288,269872@test.com,2147503318,04-11-2046
Haris,Doe269873,878472373,269873@test.com,2147503319,05-11-2046
Haris,Doe269874,878471458,269874@test.com,2147503320,06-11-2046
Haris,Doe269875,878470543,269875@test.com,2147503321,07-11-2046
Haris,Doe269876,878469628,269876@test.com,2147503322,08-11-2046
Haris,Doe269877,878468713,269877@test.com,2147503323,09-11-2046
Haris,Doe269878,878467797,269878@test.com,2147503324,10-11-2046
Haris,Doe269879,878466882,269879@test.com,2147503325,11-11-2046
Haris,Doe269880,878465967,269880@test.com,2147503326,12-11-2046
Haris,Doe269881,878465052,269881@test.com,2147503327,13-11-2046
Haris,Doe269882,878464137,269882@test.com,2147503328,14-11-2046
Haris,Doe269883,878463222,269883@test.com,2147503329,15-11-2046
Haris,Doe269884,878462306,269884@test.com,2147503330,16-11-2046
Haris,Doe269885,878461391,269885@test.com,2147503331,17-11-2046
Haris,Doe269886,878460476,269886@test.com,2147503332,18-11-2046
Haris,Doe269887,878459561,269887@test.com,2147503333,19-11-2046
Haris,Doe269888,878458646,269888@test.com,2147503334,20-11-2046
Haris,Doe269889,878457731,269889@test.com,2147503335,21-11-2046
Haris,Doe269890,878456815,269890@test.com,2147503336,22-11-2046
Haris,Doe269891,878455900,269891@test.com,2147503337,23-11-2046
Haris,Doe269892,878454985,269892@test.com,2147503338,24-11-2046
Haris,Doe269893,878454070,269893@test.com,2147503339,25-11-2046
Haris,Doe269894,878453155,269894@test.com,2147503340,26-11-2046
Haris,Doe269895,878452240,269895@test.com,2147503341,27-11-2046
Haris,Doe269896,878451324,269896@test.com,2147503342,28-11-2046
Haris,Doe269897,878450409,269897@test.com,2147503343,29-11-2046
Haris,Doe269898,878449494,269898@test.com,2147503344,30-11-2046
Haris,Doe269899,878448579,269899@test.com,2147503345,01-12-2046
Haris,Doe269900,878447664,269900@test.com,2147503346,02-12-2046
Haris,Doe269901,878446749,269901@test.com,2147503347,03-12-2046
Haris,Doe269902,878445833,269902@test.com,2147503348,04-12-2046
Haris,Doe269903,878444918,269903@test.com,2147503349,05-12-2046
Haris,Doe269904,878444003,269904@test.com,2147503350,06-12-2046
Haris,Doe269905,878443088,269905@test.com,2147503351,07-12-2046
Haris,Doe269906,878442173,269906@test.com,2147503352,08-12-2046
Haris,Doe269907,878441258,269907@test.com,2147503353,09-12-2046
Haris,Doe269908,878440342,269908@test.com,2147503354,10-12-2046
Haris,Doe269909,878439427,269909@test.com,2147503355,11-12-2046
Haris,Doe269910,878438512,269910@test.com,2147503356,12-12-2046
Haris,Doe269911,878437597,269911@test.com,2147503357,13-12-2046
Haris,Doe269912,878436682,269912@test.com,2147503358,14-12-2046
Haris,Doe269913,878435767,269913@test.com,2147503359,15-12-2046
Haris,Doe269914,878434851,269914@test.com,2147503360,16-12-2046
Haris,Doe269915,878433936,269915@test.com,2147503361,17-12-2046
Haris,Doe269916,878433021,269916@test.com,2147503362,18-12-2046
Haris,Doe269917,878432106,269917@test.com,2147503363,19-12-2046
Haris,Doe269918,878431191,269918@test.com,2147503364,20-12-2046
Haris,Doe269919,878430276,269919@test.com,2147503365,21-12-2046
Haris,Doe269920,878429361,269920@test.com,2147503366,22-12-2046
Haris,Doe269921,878428445,269921@test.com,2147503367,23-12-2046
Haris,Doe269922,878427530,269922@test.com,2147503368,24-12-2046
Haris,Doe269923,878426615,269923@test.com,2147503369,25-12-2046
Haris,Doe269924,878425700,269924@test.com,2147503370,26-12-2046
Haris,Doe269925,878424785,269925@test.com,2147503371,27-12-2046
Haris,Doe269926,878423870,269926@test.com,2147503372,28-12-2046
Haris,Doe269927,878422954,269927@test.com,2147503373,29-12-2046
Haris,Doe269928,878422039,269928@test.com,2147503374,30-12-2046
Haris,Doe269929,878421124,269929@test.com,2147503375,31-12-2046
Haris,Doe269930,878420209,269930@test.com,2147503376,01-01-2047
Haris,Doe269931,878419294,269931@test.com,2147503377,02-01-2047
Haris,Doe269932,878418379,269932@test.com,2147503378,03-01-2047
Haris,Doe269933,878417463,269933@test.com,2147503379,04-01-2047
Haris,Doe269934,878416548,269934@test.com,2147503380,05-01-2047
Haris,Doe269935,878415633,269935@test.com,2147503381,06-01-2047
Haris,Doe269936,878414718,269936@test.com,2147503382,07-01-2047
Haris,Doe269937,878413803,269937@test.com,2147503383,08-01-2047
Haris,Doe269938,878412888,269938@test.com,2147503384,09-01-2047
Haris,Doe269939,878411972,269939@test.com,2147503385,10-01-2047
Haris,Doe269940,878411057,269940@test.com,2147503386,11-01-2047
Haris,Doe269941,878410142,269941@test.com,2147503387,12-01-2047
Haris,Doe269942,878409227,269942@test.com,2147503388,13-01-2047
Haris,Doe269943,878408312,269943@test.com,2147503389,14-01-2047
Haris,Doe269944,878407397,269944@test.com,2147503390,15-01-2047
Haris,Doe269945,878406481,269945@test.com,2147503391,16-01-2047
Haris,Doe269946,878405566,269946@test.com,2147503392,17-01-2047
Haris,Doe269947,878404651,269947@test.com,2147503393,18-01-2047
Haris,Doe269948,878403736,269948@test.com,2147503394,19-01-2047
Haris,Doe269949,878402821,269949@test.com,2147503395,20-01-2047
Haris,Doe269950,878401906,269950@test.com,2147503396,21-01-2047
Haris,Doe269951,878400990,269951@test.com,2147503397,22-01-2047
Haris,Doe269952,878400075,269952@test.com,2147503398,23-01-2047
Haris,Doe269953,878399160,269953@test.com,2147503399,24-01-2047
Haris,Doe269954,878398245,269954@test.com,2147503400,25-01-2047
Haris,Doe269955,878397330,269955@test.com,2147503401,26-01-2047
Haris,Doe269956,878396415,269956@test.com,2147503402,27-01-2047
Haris,Doe269957,878395499,269957@test.com,2147503403,28-01-2047
Haris,Doe269958,878394584,269958@test.com,2147503404,29-01-2047
Haris,Doe269959,878393669,269959@test.com,2147503405,30-01-2047
Haris,Doe269960,878392754,269960@test.com,2147503406,31-01-2047
Haris,Doe269961,878391839,269961@test.com,2147503407,01-02-2047
Haris,Doe269962,878390924,269962@test.com,2147503408,02-02-2047
Haris,Doe269963,878390008,269963@test.com,2147503409,03-02-2047
Haris,Doe269964,878389093,269964@test.com,2147503410,04-02-2047
Haris,Doe269965,878388178,269965@test.com,2147503411,05-02-2047
Haris,Doe269966,878387263,269966@test.com,2147503412,06-02-2047
Haris,Doe269967,878386348,269967@test.com,2147503413,07-02-2047
Haris,Doe269968,878385433,269968@test.com,2147503414,08-02-2047
Haris,Doe269969,878384517,269969@test.com,2147503415,09-02-2047
Haris,Doe269970,878383602,269970@test.com,2147503416,10-02-2047
Haris,Doe269971,878382687,269971@test.com,2147503417,11-02-2047
Haris,Doe269972,878381772,269972@test.com,2147503418,12-02-2047
Haris,Doe269973,878380857,269973@test.com,2147503419,13-02-2047
Haris,Doe269974,878379942,269974@test.com,2147503420,14-02-2047
Haris,Doe269975,878379026,269975@test.com,2147503421,15-02-2047
Haris,Doe269976,878378111,269976@test.com,2147503422,16-02-2047
Haris,Doe269977,878377196,269977@test.com,2147503423,17-02-2047
Haris,Doe269978,878376281,269978@test.com,2147503424,18-02-2047
Haris,Doe269979,878375366,269979@test.com,2147503425,19-02-2047
Haris,Doe269980,878374451,269980@test.com,2147503426,20-02-2047
Haris,Doe269981,878373535,269981@test.com,2147503427,21-02-2047
Haris,Doe269982,878372620,269982@test.com,2147503428,22-02-2047
Haris,Doe269983,878371705,269983@test.com,2147503429,23-02-2047
Haris,Doe269984,878370790,269984@test.com,2147503430,24-02-2047
Haris,Doe269985,878369875,269985@test.com,2147503431,25-02-2047
Haris,Doe269986,878368960,269986@test.com,2147503432,26-02-2047
Haris,Doe269987,878368044,269987@test.com,2147503433,27-02-2047
Haris,Doe269988,878367129,269988@test.com,2147503434,28-02-2047
Haris,Doe269989,878366214,269989@test.com,2147503435,01-03-2047
Haris,Doe269990,878365299,269990@test.com,2147503436,02-03-2047
Haris,Doe269991,878364384,269991@test.com,2147503437,03-03-2047
Haris,Doe269992,878363469,269992@test.com,2147503438,04-03-2047
Haris,Doe269993,878362553,269993@test.com,2147503439,05-03-2047
Haris,Doe269994,878361638,269994@test.com,2147503440,06-03-2047
Haris,Doe269995,878360723,269995@test.com,2147503441,07-03-2047
Haris,Doe269996,878359808,269996@test.com,2147503442,08-03-2047
Haris,Doe269997,878358893,269997@test.com,2147503443,09-03-2047
Haris,Doe269998,878357978,269998@test.com,2147503444,10-03-2047
Haris,Doe269999,878357063,269999@test.com,2147503445,11-03-2047
Haris,Doe270000,878356147,270000@test.com,2147503446,12-03-2047
Haris,Doe270001,878355232,270001@test.com,2147503447,13-03-2047
Haris,Doe270002,878354317,270002@test.com,2147503448,14-03-2047
Haris,Doe270003,878353402,270003@test.com,2147503449,15-03-2047
Haris,Doe270004,878352487,270004@test.com,2147503450,16-03-2047
Haris,Doe270005,878351572,270005@test.com,2147503451,17-03-2047
Haris,Doe270006,878350656,270006@test.com,2147503452,18-03-2047
Haris,Doe270007,878349741,270007@test.com,2147503453,19-03-2047
Haris,Doe270008,878348826,270008@test.com,2147503454,20-03-2047
Haris,Doe270009,878347911,270009@test.com,2147503455,21-03-2047
Haris,Doe270010,878346996,270010@test.com,2147503456,22-03-2047
Haris,Doe270011,878346081,270011@test.com,2147503457,23-03-2047
Haris,Doe270012,878345165,270012@test.com,2147503458,24-03-2047
Haris,Doe270013,878344250,270013@test.com,2147503459,25-03-2047
Haris,Doe270014,878343335,270014@test.com,2147503460,26-03-2047
Haris,Doe270015,878342420,270015@test.com,2147503461,27-03-2047
Haris,Doe270016,878341505,270016@test.com,2147503462,28-03-2047
Haris,Doe270017,878340590,270017@test.com,2147503463,29-03-2047
Haris,Doe270018,878339674,270018@test.com,2147503464,30-03-2047
Haris,Doe270019,878338759,270019@test.com,2147503465,31-03-2047
Haris,Doe270020,878337844,270020@test.com,2147503466,01-04-2047
Haris,Doe270021,878336929,270021@test.com,2147503467,02-04-2047
Haris,Doe270022,878336014,270022@test.com,2147503468,03-04-2047
Haris,Doe270023,878335099,270023@test.com,2147503469,04-04-2047
Haris,Doe270024,878334183,270024@test.com,2147503470,05-04-2047
Haris,Doe270025,878333268,270025@test.com,2147503471,06-04-2047
Haris,Doe270026,878332353,270026@test.com,2147503472,07-04-2047
Haris,Doe270027,878331438,270027@test.com,2147503473,08-04-2047
Haris,Doe270028,878330523,270028@test.com,2147503474,09-04-2047
Haris,Doe270029,878329608,270029@test.com,2147503475,10-04-2047
Haris,Doe270030,878328692,270030@test.com,2147503476,11-04-2047
Haris,Doe270031,878327777,270031@test.com,2147503477,12-04-2047
Haris,Doe270032,878326862,270032@test.com,2147503478,13-04-2047
Haris,Doe270033,878325947,270033@test.com,2147503479,14-04-2047
Haris,Doe270034,878325032,270034@test.com,2147503480,15-04-2047
Haris,Doe270035,878324117,270035@test.com,2147503481,16-04-2047
Haris,Doe270036,878323201,270036@test.com,2147503482,17-04-2047
Haris,Doe270037,878322286,270037@test.com,2147503483,18-04-2047
Haris,Doe270038,878321371,270038@test.com,2147503484,19-04-2047
Haris,Doe270039,878320456,270039@test.com,2147503485,20-04-2047
Haris,Doe270040,878319541,270040@test.com,2147503486,21-04-2047
Haris,Doe270041,878318626,270041@test.com,2147503487,22-04-2047
Haris,Doe270042,878317710,270042@test.com,2147503488,23-04-2047
Haris,Doe270043,878316795,270043@test.com,2147503489,24-04-2047
Haris,Doe270044,878315880,270044@test.com,2147503490,25-04-2047
Haris,Doe270045,878314965,270045@test.com,2147503491,26-04-2047
Haris,Doe270046,878314050,270046@test.com,2147503492,27-04-2047
Haris,Doe270047,878313135,270047@test.com,2147503493,28-04-2047
Haris,Doe270048,878312219,270048@test.com,2147503494,29-04-2047
Haris,Doe270049,878311304,270049@test.com,2147503495,30-04-2047
Haris,Doe270050,878310389,270050@test.com,2147503496,01-05-2047
Haris,Doe270051,878309474,270051@test.com,2147503497,02-05-2047
Haris,Doe270052,878308559,270052@test.com,2147503498,03-05-2047
Haris,Doe270053,878307644,270053@test.com,2147503499,04-05-2047
Haris,Doe270054,878306728,270054@test.com,2147503500,05-05-2047
Haris,Doe270055,878305813,270055@test.com,2147503501,06-05-2047
Haris,Doe270056,878304898,270056@test.com,2147503502,07-05-2047
Haris,Doe270057,878303983,270057@test.com,2147503503,08-05-2047
Haris,Doe270058,878303068,270058@test.com,2147503504,09-05-2047
Haris,Doe270059,878302153,270059@test.com,2147503505,10-05-2047
Haris,Doe270060,878301237,270060@test.com,2147503506,11-05-2047
Haris,Doe270061,878300322,270061@test.com,2147503507,12-05-2047
Haris,Doe270062,878299407,270062@test.com,2147503508,13-05-2047
Haris,Doe270063,878298492,270063@test.com,2147503509,14-05-2047
Haris,Doe270064,878297577,270064@test.com,2147503510,15-05-2047
Haris,Doe270065,878296662,270065@test.com,2147503511,16-05-2047
Haris,Doe270066,878295746,270066@test.com,2147503512,17-05-2047
Haris,Doe270067,878294831,270067@test.com,2147503513,18-05-2047
Haris,Doe270068,878293916,270068@test.com,2147503514,19-05-2047
Haris,Doe270069,878293001,270069@test.com,2147503515,20-05-2047
Haris,Doe270070,878292086,270070@test.com,2147503516,21-05-2047
Haris,Doe270071,878291171,270071@test.com,2147503517,22-05-2047
Haris,Doe270072,878290255,270072@test.com,2147503518,23-05-2047
Haris,Doe270073,878289340,270073@test.com,2147503519,24-05-2047
Haris,Doe270074,878288425,270074@test.com,2147503520,25-05-2047
Haris,Doe270075,878287510,270075@test.com,2147503521,26-05-2047
Haris,Doe270076,878286595,270076@test.com,2147503522,27-05-2047
Haris,Doe270077,878285680,270077@test.com,2147503523,28-05-2047
Haris,Doe270078,878284765,270078@test.com,2147503524,29-05-2047
Haris,Doe270079,878283849,270079@test.com,2147503525,30-05-2047
Haris,Doe270080,878282934,270080@test.com,2147503526,31-05-2047
Haris,Doe270081,878282019,270081@test.com,2147503527,01-06-2047
Haris,Doe270082,878281104,270082@test.com,2147503528,02-06-2047
Haris,Doe270083,878280189,270083@test.com,2147503529,03-06-2047
Haris,Doe270084,878279274,270084@test.com,2147503530,04-06-2047
Haris,Doe270085,878278358,270085@test.com,2147503531,05-06-2047
Haris,Doe270086,878277443,270086@test.com,2147503532,06-06-2047
Haris,Doe270087,878276528,270087@test.com,2147503533,07-06-2047
Haris,Doe270088,878275613,270088@test.com,2147503534,08-06-2047
Haris,Doe270089,878274698,270089@test.com,2147503535,09-06-2047
Haris,Doe270090,878273783,270090@test.com,2147503536,10-06-2047
Haris,Doe270091,878272867,270091@test.com,2147503537,11-06-2047
Haris,Doe270092,878271952,270092@test.com,2147503538,12-06-2047
Haris,Doe270093,878271037,270093@test.com,2147503539,13-06-2047
Haris,Doe270094,878270122,270094@test.com,2147503540,14-06-2047
Haris,Doe270095,878269207,270095@test.com,2147503541,15-06-2047
Haris,Doe270096,878268292,270096@test.com,2147503542,16-06-2047
Haris,Doe270097,878267376,270097@test.com,2147503543,17-06-2047
Haris,Doe270098,878266461,270098@test.com,2147503544,18-06-2047
Haris,Doe270099,878265546,270099@test.com,2147503545,19-06-2047
Haris,Doe270100,878264631,270100@test.com,2147503546,20-06-2047
Haris,Doe270101,878263716,270101@test.com,2147503547,21-06-2047
Haris,Doe270102,878262801,270102@test.com,2147503548,22-06-2047
Haris,Doe270103,878261885,270103@test.com,2147503549,23-06-2047
Haris,Doe270104,878260970,270104@test.com,2147503550,24-06-2047
Haris,Doe270105,878260055,270105@test.com,2147503551,25-06-2047
Haris,Doe270106,878259140,270106@test.com,2147503552,26-06-2047
Haris,Doe270107,878258225,270107@test.com,2147503553,27-06-2047
Haris,Doe270108,878257310,270108@test.com,2147503554,28-06-2047
Haris,Doe270109,878256394,270109@test.com,2147503555,29-06-2047
Haris,Doe270110,878255479,270110@test.com,2147503556,30-06-2047
Haris,Doe270111,878254564,270111@test.com,2147503557,01-07-2047
Haris,Doe270112,878253649,270112@test.com,2147503558,02-07-2047
Haris,Doe270113,878252734,270113@test.com,2147503559,03-07-2047
Haris,Doe270114,878251819,270114@test.com,2147503560,04-07-2047
Haris,Doe270115,878250903,270115@test.com,2147503561,05-07-2047
Haris,Doe270116,878249988,270116@test.com,2147503562,06-07-2047
Haris,Doe270117,878249073,270117@test.com,2147503563,07-07-2047
Haris,Doe270118,878248158,270118@test.com,2147503564,08-07-2047
Haris,Doe270119,878247243,270119@test.com,2147503565,09-07-2047
Haris,Doe270120,878246328,270120@test.com,2147503566,10-07-2047
Haris,Doe270121,878245412,270121@test.com,2147503567,11-07-2047
Haris,Doe270122,878244497,270122@test.com,2147503568,12-07-2047
Haris,Doe270123,878243582,270123@test.com,2147503569,13-07-2047
Haris,Doe270124,878242667,270124@test.com,2147503570,14-07-2047
Haris,Doe270125,878241752,270125@test.com,2147503571,15-07-2047
Haris,Doe270126,878240837,270126@test.com,2147503572,16-07-2047
Haris,Doe270127,878239921,270127@test.com,2147503573,17-07-2047
Haris,Doe270128,878239006,270128@test.com,2147503574,18-07-2047
Haris,Doe270129,878238091,270129@test.com,2147503575,19-07-2047
Haris,Doe270130,878237176,270130@test.com,2147503576,20-07-2047
Haris,Doe270131,878236261,270131@test.com,2147503577,21-07-2047
Haris,Doe270132,878235346,270132@test.com,2147503578,22-07-2047
Haris,Doe270133,878234430,270133@test.com,2147503579,23-07-2047
Haris,Doe270134,878233515,270134@test.com,2147503580,24-07-2047
Haris,Doe270135,878232600,270135@test.com,2147503581,25-07-2047
Haris,Doe270136,878231685,270136@test.com,2147503582,26-07-2047
Haris,Doe270137,878230770,270137@test.com,2147503583,27-07-2047
Haris,Doe270138,878229855,270138@test.com,2147503584,28-07-2047
Haris,Doe270139,878228939,270139@test.com,2147503585,29-07-2047
Haris,Doe270140,878228024,270140@test.com,2147503586,30-07-2047
Haris,Doe270141,878227109,270141@test.com,2147503587,31-07-2047
Haris,Doe270142,878226194,270142@test.com,2147503588,01-08-2047
Haris,Doe270143,878225279,270143@test.com,2147503589,02-08-2047
Haris,Doe270144,878224364,270144@test.com,2147503590,03-08-2047
Haris,Doe270145,878223448,270145@test.com,2147503591,04-08-2047
Haris,Doe270146,878222533,270146@test.com,2147503592,05-08-2047
Haris,Doe270147,878221618,270147@test.com,2147503593,06-08-2047
Haris,Doe270148,878220703,270148@test.com,2147503594,07-08-2047
Haris,Doe270149,878219788,270149@test.com,2147503595,08-08-2047
Haris,Doe270150,878218873,270150@test.com,2147503596,09-08-2047
Haris,Doe270151,878217957,270151@test.com,2147503597,10-08-2047
Haris,Doe270152,878217042,270152@test.com,2147503598,11-08-2047
Haris,Doe270153,878216127,270153@test.com,2147503599,12-08-2047
Haris,Doe270154,878215212,270154@test.com,2147503600,13-08-2047
Haris,Doe270155,878214297,270155@test.com,2147503601,14-08-2047
Haris,Doe270156,878213382,270156@test.com,2147503602,15-08-2047
Haris,Doe270157,878212467,270157@test.com,2147503603,16-08-2047
Haris,Doe270158,878211551,270158@test.com,2147503604,17-08-2047
Haris,Doe270159,878210636,270159@test.com,2147503605,18-08-2047
Haris,Doe270160,878209721,270160@test.com,2147503606,19-08-2047
Haris,Doe270161,878208806,270161@test.com,2147503607,20-08-2047
Haris,Doe270162,878207891,270162@test.com,2147503608,21-08-2047
Haris,Doe270163,878206976,270163@test.com,2147503609,22-08-2047
Haris,Doe270164,878206060,270164@test.com,2147503610,23-08-2047
Haris,Doe270165,878205145,270165@test.com,2147503611,24-08-2047
Haris,Doe270166,878204230,270166@test.com,2147503612,25-08-2047
Haris,Doe270167,878203315,270167@test.com,2147503613,26-08-2047
Haris,Doe270168,878202400,270168@test.com,2147503614,27-08-2047
Haris,Doe270169,878201485,270169@test.com,2147503615,28-08-2047
Haris,Doe270170,878200569,270170@test.com,2147503616,29-08-2047
Haris,Doe270171,878199654,270171@test.com,2147503617,30-08-2047
Haris,Doe270172,878198739,270172@test.com,2147503618,31-08-2047
Haris,Doe270173,878197824,270173@test.com,2147503619,01-09-2047
Haris,Doe270174,878196909,270174@test.com,2147503620,02-09-2047
Haris,Doe270175,878195994,270175@test.com,2147503621,03-09-2047
Haris,Doe270176,878195078,270176@test.com,2147503622,04-09-2047
Haris,Doe270177,878194163,270177@test.com,2147503623,05-09-2047
Haris,Doe270178,878193248,270178@test.com,2147503624,06-09-2047
Haris,Doe270179,878192333,270179@test.com,2147503625,07-09-2047
Haris,Doe270180,878191418,270180@test.com,2147503626,08-09-2047
Haris,Doe270181,878190503,270181@test.com,2147503627,09-09-2047
Haris,Doe270182,878189587,270182@test.com,2147503628,10-09-2047
Haris,Doe270183,878188672,270183@test.com,2147503629,11-09-2047
Haris,Doe270184,878187757,270184@test.com,2147503630,12-09-2047
Haris,Doe270185,878186842,270185@test.com,2147503631,13-09-2047
Haris,Doe270186,878185927,270186@test.com,2147503632,14-09-2047
Haris,Doe270187,878185012,270187@test.com,2147503633,15-09-2047
Haris,Doe270188,878184096,270188@test.com,2147503634,16-09-2047
Haris,Doe270189,878183181,270189@test.com,2147503635,17-09-2047
Haris,Doe270190,878182266,270190@test.com,2147503636,18-09-2047
Haris,Doe270191,878181351,270191@test.com,2147503637,19-09-2047
Haris,Doe270192,878180436,270192@test.com,2147503638,20-09-2047
Haris,Doe270193,878179521,270193@test.com,2147503639,21-09-2047
Haris,Doe270194,878178605,270194@test.com,2147503640,22-09-2047
Haris,Doe270195,878177690,270195@test.com,2147503641,23-09-2047
Haris,Doe270196,878176775,270196@test.com,2147503642,24-09-2047
Haris,Doe270197,878175860,270197@test.com,2147503643,25-09-2047
Haris,Doe270198,878174945,270198@test.com,2147503644,26-09-2047
Haris,Doe270199,878174030,270199@test.com,2147503645,27-09-2047
Haris,Doe270200,878173114,270200@test.com,2147503646,28-09-2047
